fixture.id,fixture.referee,fixture.timezone,fixture.date,fixture.timestamp,fixture.periods.first,fixture.periods.second,fixture.venue.id,fixture.venue.name,fixture.venue.city,fixture.status.long,fixture.status.short,fixture.status.elapsed,fixture.status.extra,league.id,league.name,league.country,league.logo,league.flag,league.season,league.round,teams.home.id,teams.home.name,teams.home.logo,teams.home.winner,teams.away.id,teams.away.name,teams.away.logo,teams.away.winner,goals.home,goals.away,score.halftime.home,score.halftime.away,score.fulltime.home,score.fulltime.away,score.extratime.home,score.extratime.away,score.penalty.home,score.penalty.away
1044885,B. Bastien,UTC,2023-08-11T19:00:00+00:00,1691780400,1691780400,1691784000,663,Allianz Riviera,Nice,Match Finished,FT,90,,61,Ligue 1,France,https://media.api-sports.io/football/leagues/61.png,https://media.api-sports.io/flags/fr.svg,2023,Regular Season - 1,84,Nice,https://media.api-sports.io/football/teams/84.png,,79,Lille,https://media.api-sports.io/football/teams/79.png,,1,1,1,0,1,1,,,,
1044884,E. Wattellier,UTC,2023-08-12T15:00:00+00:00,1691852400,1691852400,1691856000,667,Orange Vélodrome,Marseille,Match Finished,FT,90,,61,Ligue 1,France,https://media.api-sports.io/football/leagues/61.png,https://media.api-sports.io/flags/fr.svg,2023,Regular Season - 1,81,Marseille,https://media.api-sports.io/football/teams/81.png,True,93,Reims,https://media.api-sports.io/football/teams/93.png,False,2,1,1,1,2,1,,,,
1044881,B. Dechepy,UTC,2023-08-12T19:00:00+00:00,1691866800,1691866800,1691870400,671,Parc des Princes,Paris,Match Finished,FT,90,,61,Ligue 1,France,https://media.api-sports.io/football/leagues/61.png,https://media.api-sports.io/flags/fr.svg,2023,Regular Season - 1,85,Paris Saint Germain,https://media.api-sports.io/football/teams/85.png,,97,Lorient,https://media.api-sports.io/football/teams/97.png,,0,0,0,0,0,0,,,,
1044889,J. Pignard,UTC,2023-08-13T11:00:00+00:00,1691924400,1691924400,1691928000,641,Stade Francis-Le Blé,Brest,Match Finished,FT,90,,61,Ligue 1,France,https://media.api-sports.io/football/leagues/61.png,https://media.api-sports.io/flags/fr.svg,2023,Regular Season - 1,106,Stade Brestois 29,https://media.api-sports.io/football/teams/106.png,True,116,Lens,https://media.api-sports.io/football/teams/116.png,False,3,2,1,2,3,2,,,,
1044888,C. Turpin,UTC,2023-08-13T13:00:00+00:00,1691931600,1691931600,1691935200,20107,Stade de la Mosson-Mondial 98,Montpellier,Match Finished,FT,90,,61,Ligue 1,France,https://media.api-sports.io/football/leagues/61.png,https://media.api-sports.io/flags/fr.svg,2023,Regular Season - 1,82,Montpellier,https://media.api-sports.io/football/teams/82.png,,111,LE Havre,https://media.api-sports.io/football/teams/111.png,,2,2,0,1,2,2,,,,
1044887,W. Delajod,UTC,2023-08-13T13:00:00+00:00,1691931600,1691931600,1691935200,662,Stade de la Beaujoire - Louis Fonteneau,Nantes,Match Finished,FT,90,,61,Ligue 1,France,https://media.api-sports.io/football/leagues/61.png,https://media.api-sports.io/flags/fr.svg,2023,Regular Season - 1,83,Nantes,https://media.api-sports.io/football/teams/83.png,False,96,Toulouse,https://media.api-sports.io/football/teams/96.png,True,1,2,1,0,1,2,,,,
1044886,F. Letexier,UTC,2023-08-13T13:00:00+00:00,1691931600,1691931600,1691935200,644,Stade Gabriel-Montpied,Clermont-Ferrand,Match Finished,FT,90,,61,Ligue 1,France,https://media.api-sports.io/football/leagues/61.png,https://media.api-sports.io/flags/fr.svg,2023,Regular Season - 1,99,Clermont Foot,https://media.api-sports.io/football/teams/99.png,False,91,Monaco,https://media.api-sports.io/football/teams/91.png,True,2,4,1,2,2,4,,,,
1044883,J. Stinat,UTC,2023-08-13T15:05:00+00:00,1691939100,1691939100,1691942700,680,Roazhon Park,Rennes,Match Finished,FT,90,,61,Ligue 1,France,https://media.api-sports.io/football/leagues/61.png,https://media.api-sports.io/flags/fr.svg,2023,Regular Season - 1,94,Rennes,https://media.api-sports.io/football/teams/94.png,True,112,Metz,https://media.api-sports.io/football/teams/112.png,False,5,1,1,1,5,1,,,,
1044882,J. Brisard,UTC,2023-08-13T18:45:00+00:00,1691952300,1691952300,1691955900,681,Stade de la Meinau,Strasbourg,Match Finished,FT,90,,61,Ligue 1,France,https://media.api-sports.io/football/leagues/61.png,https://media.api-sports.io/flags/fr.svg,2023,Regular Season - 1,95,Strasbourg,https://media.api-sports.io/football/teams/95.png,True,80,Lyon,https://media.api-sports.io/football/teams/80.png,False,2,1,0,0,2,1,,,,
1044898,J. Brisard,UTC,2023-08-18T19:00:00+00:00,1692385200,1692385200,1692388800,658,Stade Saint-Symphorien,Longeville-lès-Metz,Match Finished,FT,90,,61,Ligue 1,France,https://media.api-sports.io/football/leagues/61.png,https://media.api-sports.io/flags/fr.svg,2023,Regular Season - 2,112,Metz,https://media.api-sports.io/football/teams/112.png,,81,Marseille,https://media.api-sports.io/football/teams/81.png,,2,2,0,1,2,2,,,,
1044894,M. Vernice,UTC,2023-08-19T17:00:00+00:00,1692464400,1692464400,1692468000,666,Groupama Stadium,Décines-Charpieu,Match Finished,FT,90,,61,Ligue 1,France,https://media.api-sports.io/football/leagues/61.png,https://media.api-sports.io/flags/fr.svg,2023,Regular Season - 2,80,Lyon,https://media.api-sports.io/football/teams/80.png,False,82,Montpellier,https://media.api-sports.io/football/teams/82.png,True,1,4,0,2,1,4,,,,
1044890,T. Léonard,UTC,2023-08-19T19:00:00+00:00,1692471600,1692471600,1692475200,682,Stadium de Toulouse,Toulouse,Match Finished,FT,90,,61,Ligue 1,France,https://media.api-sports.io/football/leagues/61.png,https://media.api-sports.io/flags/fr.svg,2023,Regular Season - 2,96,Toulouse,https://media.api-sports.io/football/teams/96.png,,85,Paris Saint Germain,https://media.api-sports.io/football/teams/85.png,,1,1,0,0,1,1,,,,
1044893,P. Gaillouste,UTC,2023-08-20T11:00:00+00:00,1692529200,1692529200,1692532800,19207,Decathlon Arena - Stade Pierre-Mauroy,Villeneuve d'Ascq,Match Finished,FT,90,,61,Ligue 1,France,https://media.api-sports.io/football/leagues/61.png,https://media.api-sports.io/flags/fr.svg,2023,Regular Season - 2,79,Lille,https://media.api-sports.io/football/teams/79.png,True,83,Nantes,https://media.api-sports.io/football/teams/83.png,False,2,0,0,0,2,0,,,,
1044895,R. Lissorgue,UTC,2023-08-20T13:00:00+00:00,1692536400,1692536400,1692540000,674,Stade Auguste-Delaune,Reims,Match Finished,FT,90,,61,Ligue 1,France,https://media.api-sports.io/football/leagues/61.png,https://media.api-sports.io/flags/fr.svg,2023,Regular Season - 2,93,Reims,https://media.api-sports.io/football/teams/93.png,True,99,Clermont Foot,https://media.api-sports.io/football/teams/99.png,False,2,0,1,0,2,0,,,,
1044891,H. Ben El Hadj,UTC,2023-08-20T13:00:00+00:00,1692536400,1692536400,1692540000,656,Stade du Moustoir - Yves Allainmat,Lorient,Match Finished,FT,90,,61,Ligue 1,France,https://media.api-sports.io/football/leagues/61.png,https://media.api-sports.io/flags/fr.svg,2023,Regular Season - 2,97,Lorient,https://media.api-sports.io/football/teams/97.png,,84,Nice,https://media.api-sports.io/football/teams/84.png,,1,1,0,0,1,1,,,,
1044897,F. Batta,UTC,2023-08-20T13:00:00+00:00,1692536400,1692536400,1692540000,652,Stade Océane,Le Havre,Match Finished,FT,90,,61,Ligue 1,France,https://media.api-sports.io/football/leagues/61.png,https://media.api-sports.io/flags/fr.svg,2023,Regular Season - 2,111,LE Havre,https://media.api-sports.io/football/teams/111.png,False,106,Stade Brestois 29,https://media.api-sports.io/football/teams/106.png,True,1,2,0,1,1,2,,,,
1044892,R. Buquet,UTC,2023-08-20T17:00:00+00:00,1692550800,1692550800,1692554400,20470,Stade Louis-II,Monaco,Match Finished,FT,90,,61,Ligue 1,France,https://media.api-sports.io/football/leagues/61.png,https://media.api-sports.io/flags/fr.svg,2023,Regular Season - 2,91,Monaco,https://media.api-sports.io/football/teams/91.png,True,95,Strasbourg,https://media.api-sports.io/football/teams/95.png,False,3,0,2,0,3,0,,,,
1044896,B. Millot,UTC,2023-08-20T18:45:00+00:00,1692557100,1692557100,1692560700,654,Stade Bollaert-Delelis,Lens,Match Finished,FT,90,,61,Ligue 1,France,https://media.api-sports.io/football/leagues/61.png,https://media.api-sports.io/flags/fr.svg,2023,Regular Season - 2,116,Lens,https://media.api-sports.io/football/teams/116.png,,94,Rennes,https://media.api-sports.io/football/teams/94.png,,1,1,1,0,1,1,,,,
1044906,J. Pignard,UTC,2023-08-25T19:00:00+00:00,1692990000,1692990000,1692993600,662,Stade de la Beaujoire - Louis Fonteneau,Nantes,Match Finished,FT,90,,61,Ligue 1,France,https://media.api-sports.io/football/leagues/61.png,https://media.api-sports.io/flags/fr.svg,2023,Regular Season - 3,83,Nantes,https://media.api-sports.io/football/teams/83.png,,91,Monaco,https://media.api-sports.io/football/teams/91.png,,3,3,2,1,3,3,,,,
1044902,J. Stinat,UTC,2023-08-26T17:00:00+00:00,1693069200,1693069200,1693072800,667,Orange Vélodrome,Marseille,Match Finished,FT,90,,61,Ligue 1,France,https://media.api-sports.io/football/leagues/61.png,https://media.api-sports.io/flags/fr.svg,2023,Regular Season - 3,81,Marseille,https://media.api-sports.io/football/teams/81.png,True,106,Stade Brestois 29,https://media.api-sports.io/football/teams/106.png,False,2,0,1,0,2,0,,,,
1044899,F. Letexier,UTC,2023-08-26T19:00:00+00:00,1693076400,1693076400,1693080000,671,Parc des Princes,Paris,Match Finished,FT,90,,61,Ligue 1,France,https://media.api-sports.io/football/leagues/61.png,https://media.api-sports.io/flags/fr.svg,2023,Regular Season - 3,85,Paris Saint Germain,https://media.api-sports.io/football/teams/85.png,True,116,Lens,https://media.api-sports.io/football/teams/116.png,False,3,1,1,0,3,1,,,,
1044901,E. Wattellier,UTC,2023-08-27T11:00:00+00:00,1693134000,1693134000,1693137600,680,Roazhon Park,Rennes,Match Finished,FT,90,,61,Ligue 1,France,https://media.api-sports.io/football/leagues/61.png,https://media.api-sports.io/flags/fr.svg,2023,Regular Season - 3,94,Rennes,https://media.api-sports.io/football/teams/94.png,,111,LE Havre,https://media.api-sports.io/football/teams/111.png,,2,2,2,1,2,2,,,,
1044907,M. Bollengier,UTC,2023-08-27T13:00:00+00:00,1693141200,1693141200,1693144800,20107,Stade de la Mosson-Mondial 98,Montpellier,Match Finished,FT,90,,61,Ligue 1,France,https://media.api-sports.io/football/leagues/61.png,https://media.api-sports.io/flags/fr.svg,2023,Regular Season - 3,82,Montpellier,https://media.api-sports.io/football/teams/82.png,False,93,Reims,https://media.api-sports.io/football/teams/93.png,True,1,3,1,2,1,3,,,,
1044900,B. Bastien,UTC,2023-08-27T13:00:00+00:00,1693141200,1693141200,1693144800,681,Stade de la Meinau,Strasbourg,Match Finished,FT,90,,61,Ligue 1,France,https://media.api-sports.io/football/leagues/61.png,https://media.api-sports.io/flags/fr.svg,2023,Regular Season - 3,95,Strasbourg,https://media.api-sports.io/football/teams/95.png,True,96,Toulouse,https://media.api-sports.io/football/teams/96.png,False,2,0,0,0,2,0,,,,
1044905,G. Angoula,UTC,2023-08-27T13:00:00+00:00,1693141200,1693141200,1693144800,644,Stade Gabriel-Montpied,Clermont-Ferrand,Match Finished,FT,90,,61,Ligue 1,France,https://media.api-sports.io/football/leagues/61.png,https://media.api-sports.io/flags/fr.svg,2023,Regular Season - 3,99,Clermont Foot,https://media.api-sports.io/football/teams/99.png,False,112,Metz,https://media.api-sports.io/football/teams/112.png,True,0,1,0,0,0,1,,,,
1044903,W. Delajod,UTC,2023-08-27T15:05:00+00:00,1693148700,1693148700,1693152300,656,Stade du Moustoir - Yves Allainmat,Lorient,Match Finished,FT,90,,61,Ligue 1,France,https://media.api-sports.io/football/leagues/61.png,https://media.api-sports.io/flags/fr.svg,2023,Regular Season - 3,97,Lorient,https://media.api-sports.io/football/teams/97.png,True,79,Lille,https://media.api-sports.io/football/teams/79.png,False,4,1,2,0,4,1,,,,
1044904,B. Dechepy,UTC,2023-08-27T18:45:00+00:00,1693161900,1693161900,1693165500,663,Allianz Riviera,Nice,Match Finished,FT,90,,61,Ligue 1,France,https://media.api-sports.io/football/leagues/61.png,https://media.api-sports.io/flags/fr.svg,2023,Regular Season - 3,84,Nice,https://media.api-sports.io/football/teams/84.png,,80,Lyon,https://media.api-sports.io/football/teams/80.png,,0,0,0,0,0,0,,,,
1044913,R. Buquet,UTC,2023-09-01T19:00:00+00:00,1693594800,1693594800,1693598400,662,Stade de la Beaujoire - Louis Fonteneau,Nantes,Match Finished,FT,90,,61,Ligue 1,France,https://media.api-sports.io/football/leagues/61.png,https://media.api-sports.io/flags/fr.svg,2023,Regular Season - 4,83,Nantes,https://media.api-sports.io/football/teams/83.png,,81,Marseille,https://media.api-sports.io/football/teams/81.png,,1,1,1,1,1,1,,,,
1044916,H. Ben El Hadj,UTC,2023-09-02T15:00:00+00:00,1693666800,1693666800,1693670400,641,Stade Francis-Le Blé,Brest,Match Finished,FT,90,,61,Ligue 1,France,https://media.api-sports.io/football/leagues/61.png,https://media.api-sports.io/flags/fr.svg,2023,Regular Season - 4,106,Stade Brestois 29,https://media.api-sports.io/football/teams/106.png,,94,Rennes,https://media.api-sports.io/football/teams/94.png,,0,0,0,0,0,0,,,,
1044909,W. Delajod,UTC,2023-09-02T19:00:00+00:00,1693681200,1693681200,1693684800,20470,Stade Louis-II,Monaco,Match Finished,FT,90,,61,Ligue 1,France,https://media.api-sports.io/football/leagues/61.png,https://media.api-sports.io/flags/fr.svg,2023,Regular Season - 4,91,Monaco,https://media.api-sports.io/football/teams/91.png,True,116,Lens,https://media.api-sports.io/football/teams/116.png,False,3,0,2,0,3,0,,,,
1044908,F. Batta,UTC,2023-09-03T11:00:00+00:00,1693738800,1693738800,1693742400,682,Stadium de Toulouse,Toulouse,Match Finished,FT,90,,61,Ligue 1,France,https://media.api-sports.io/football/leagues/61.png,https://media.api-sports.io/flags/fr.svg,2023,Regular Season - 4,96,Toulouse,https://media.api-sports.io/football/teams/96.png,,99,Clermont Foot,https://media.api-sports.io/football/teams/99.png,,2,2,2,1,2,2,,,,
1044910,B. Millot,UTC,2023-09-03T13:00:00+00:00,1693746000,1693746000,1693749600,19207,Decathlon Arena - Stade Pierre-Mauroy,Villeneuve d'Ascq,Match Finished,FT,90,,61,Ligue 1,France,https://media.api-sports.io/football/leagues/61.png,https://media.api-sports.io/flags/fr.svg,2023,Regular Season - 4,79,Lille,https://media.api-sports.io/football/teams/79.png,True,82,Montpellier,https://media.api-sports.io/football/teams/82.png,False,1,0,1,0,1,0,,,,
1044914,R. Lissorgue,UTC,2023-09-03T13:00:00+00:00,1693746000,1693746000,1693749600,652,Stade Océane,Le Havre,Match Finished,FT,90,,61,Ligue 1,France,https://media.api-sports.io/football/leagues/61.png,https://media.api-sports.io/flags/fr.svg,2023,Regular Season - 4,111,LE Havre,https://media.api-sports.io/football/teams/111.png,True,97,Lorient,https://media.api-sports.io/football/teams/97.png,False,3,0,0,0,3,0,,,,
1044915,M. Vernice,UTC,2023-09-03T13:00:00+00:00,1693746000,1693746000,1693749600,658,Stade Saint-Symphorien,Longeville-lès-Metz,Match Finished,FT,90,,61,Ligue 1,France,https://media.api-sports.io/football/leagues/61.png,https://media.api-sports.io/flags/fr.svg,2023,Regular Season - 4,112,Metz,https://media.api-sports.io/football/teams/112.png,,93,Reims,https://media.api-sports.io/football/teams/93.png,,2,2,1,1,2,2,,,,
1044912,J. Stinat,UTC,2023-09-03T15:05:00+00:00,1693753500,1693753500,1693757100,663,Allianz Riviera,Nice,Match Finished,FT,90,,61,Ligue 1,France,https://media.api-sports.io/football/leagues/61.png,https://media.api-sports.io/flags/fr.svg,2023,Regular Season - 4,84,Nice,https://media.api-sports.io/football/teams/84.png,True,95,Strasbourg,https://media.api-sports.io/football/teams/95.png,False,2,0,1,0,2,0,,,,
1044911,E. Wattellier,UTC,2023-09-03T18:45:00+00:00,1693766700,1693766700,1693770300,666,Groupama Stadium,Décines-Charpieu,Match Finished,FT,90,,61,Ligue 1,France,https://media.api-sports.io/football/leagues/61.png,https://media.api-sports.io/flags/fr.svg,2023,Regular Season - 4,80,Lyon,https://media.api-sports.io/football/teams/80.png,False,85,Paris Saint Germain,https://media.api-sports.io/football/teams/85.png,True,1,4,0,4,1,4,,,,
1044917,C. Turpin,UTC,2023-09-15T19:00:00+00:00,1694804400,1694804400,1694808000,671,Parc des Princes,Paris,Match Finished,FT,90,,61,Ligue 1,France,https://media.api-sports.io/football/leagues/61.png,https://media.api-sports.io/flags/fr.svg,2023,Regular Season - 5,85,Paris Saint Germain,https://media.api-sports.io/football/teams/85.png,False,84,Nice,https://media.api-sports.io/football/teams/84.png,True,2,3,1,1,2,3,,,,
1044919,J. Brisard,UTC,2023-09-16T15:00:00+00:00,1694876400,1694876400,1694880000,680,Roazhon Park,Rennes,Match Finished,FT,90,,61,Ligue 1,France,https://media.api-sports.io/football/leagues/61.png,https://media.api-sports.io/flags/fr.svg,2023,Regular Season - 5,94,Rennes,https://media.api-sports.io/football/teams/94.png,,79,Lille,https://media.api-sports.io/football/teams/79.png,,2,2,0,1,2,2,,,,
1044925,S. Frappart,UTC,2023-09-16T19:00:00+00:00,1694890800,1694890800,1694894400,654,Stade Bollaert-Delelis,Lens,Match Finished,FT,90,,61,Ligue 1,France,https://media.api-sports.io/football/leagues/61.png,https://media.api-sports.io/flags/fr.svg,2023,Regular Season - 5,116,Lens,https://media.api-sports.io/football/teams/116.png,False,112,Metz,https://media.api-sports.io/football/teams/112.png,True,0,1,0,1,0,1,,,,
1044921,M. Bollengier,UTC,2023-09-17T11:00:00+00:00,1694948400,1694948400,1694952000,656,Stade du Moustoir - Yves Allainmat,Lorient,Match Finished,FT,90,,61,Ligue 1,France,https://media.api-sports.io/football/leagues/61.png,https://media.api-sports.io/flags/fr.svg,2023,Regular Season - 5,97,Lorient,https://media.api-sports.io/football/teams/97.png,,91,Monaco,https://media.api-sports.io/football/teams/91.png,,2,2,1,1,2,2,,,,
1044924,G. Angoula,UTC,2023-09-17T13:00:00+00:00,1694955600,1694955600,1694959200,674,Stade Auguste-Delaune,Reims,Match Finished,FT,90,,61,Ligue 1,France,https://media.api-sports.io/football/leagues/61.png,https://media.api-sports.io/flags/fr.svg,2023,Regular Season - 5,93,Reims,https://media.api-sports.io/football/teams/93.png,False,106,Stade Brestois 29,https://media.api-sports.io/football/teams/106.png,True,1,2,1,0,1,2,,,,
1044918,P. Gaillouste,UTC,2023-09-17T13:00:00+00:00,1694955600,1694955600,1694959200,681,Stade de la Meinau,Strasbourg,Match Finished,FT,90,,61,Ligue 1,France,https://media.api-sports.io/football/leagues/61.png,https://media.api-sports.io/flags/fr.svg,2023,Regular Season - 5,95,Strasbourg,https://media.api-sports.io/football/teams/95.png,,82,Montpellier,https://media.api-sports.io/football/teams/82.png,,2,2,0,2,2,2,,,,
1044923,T. Léonard,UTC,2023-09-17T13:00:00+00:00,1694955600,1694955600,1694959200,644,Stade Gabriel-Montpied,Clermont-Ferrand,Match Finished,FT,90,,61,Ligue 1,France,https://media.api-sports.io/football/leagues/61.png,https://media.api-sports.io/flags/fr.svg,2023,Regular Season - 5,99,Clermont Foot,https://media.api-sports.io/football/teams/99.png,False,83,Nantes,https://media.api-sports.io/football/teams/83.png,True,0,1,0,0,0,1,,,,
1044920,F. Letexier,UTC,2023-09-17T15:05:00+00:00,1694963100,1694963100,1694966700,667,Orange Vélodrome,Marseille,Match Finished,FT,90,,61,Ligue 1,France,https://media.api-sports.io/football/leagues/61.png,https://media.api-sports.io/flags/fr.svg,2023,Regular Season - 5,81,Marseille,https://media.api-sports.io/football/teams/81.png,,96,Toulouse,https://media.api-sports.io/football/teams/96.png,,0,0,0,0,0,0,,,,
1044922,B. Bastien,UTC,2023-09-17T18:45:00+00:00,1694976300,1694976300,1694979900,666,Groupama Stadium,Décines-Charpieu,Match Finished,FT,90,,61,Ligue 1,France,https://media.api-sports.io/football/leagues/61.png,https://media.api-sports.io/flags/fr.svg,2023,Regular Season - 5,80,Lyon,https://media.api-sports.io/football/teams/80.png,,111,LE Havre,https://media.api-sports.io/football/teams/111.png,,0,0,0,0,0,0,,,,
1044927,B. Millot,UTC,2023-09-22T19:00:00+00:00,1695409200,1695409200,1695412800,20470,Stade Louis-II,Monaco,Match Finished,FT,90,,61,Ligue 1,France,https://media.api-sports.io/football/leagues/61.png,https://media.api-sports.io/flags/fr.svg,2023,Regular Season - 6,91,Monaco,https://media.api-sports.io/football/teams/91.png,False,84,Nice,https://media.api-sports.io/football/teams/84.png,True,0,1,0,0,0,1,,,,
1044930,F. Batta,UTC,2023-09-23T15:00:00+00:00,1695481200,1695481200,1695484800,662,Stade de la Beaujoire - Louis Fonteneau,Nantes,Match Finished,FT,90,,61,Ligue 1,France,https://media.api-sports.io/football/leagues/61.png,https://media.api-sports.io/flags/fr.svg,2023,Regular Season - 6,83,Nantes,https://media.api-sports.io/football/teams/83.png,True,97,Lorient,https://media.api-sports.io/football/teams/97.png,False,5,3,1,1,5,3,,,,
1044934,T. Léonard,UTC,2023-09-23T19:00:00+00:00,1695495600,1695495600,1695499200,641,Stade Francis-Le Blé,Brest,Match Finished,FT,90,,61,Ligue 1,France,https://media.api-sports.io/football/leagues/61.png,https://media.api-sports.io/flags/fr.svg,2023,Regular Season - 6,106,Stade Brestois 29,https://media.api-sports.io/football/teams/106.png,True,80,Lyon,https://media.api-sports.io/football/teams/80.png,False,1,0,0,0,1,0,,,,
1044932,C. Turpin,UTC,2023-09-24T11:00:00+00:00,1695553200,1695553200,1695556800,658,Stade Saint-Symphorien,Longeville-lès-Metz,Match Finished,FT,90,,61,Ligue 1,France,https://media.api-sports.io/football/leagues/61.png,https://media.api-sports.io/flags/fr.svg,2023,Regular Season - 6,112,Metz,https://media.api-sports.io/football/teams/112.png,False,95,Strasbourg,https://media.api-sports.io/football/teams/95.png,True,0,1,0,0,0,1,,,,
1044931,M. Vernice,UTC,2023-09-24T13:00:00+00:00,1695560400,1695560400,1695564000,652,Stade Océane,Le Havre,Match Finished,FT,90,,61,Ligue 1,France,https://media.api-sports.io/football/leagues/61.png,https://media.api-sports.io/flags/fr.svg,2023,Regular Season - 6,111,LE Havre,https://media.api-sports.io/football/teams/111.png,True,99,Clermont Foot,https://media.api-sports.io/football/teams/99.png,False,2,1,2,1,2,1,,,,
1044929,H. Ben El Hadj,UTC,2023-09-24T13:00:00+00:00,1695560400,1695560400,1695564000,654,Stade Bollaert-Delelis,Lens,Match Finished,FT,90,,61,Ligue 1,France,https://media.api-sports.io/football/leagues/61.png,https://media.api-sports.io/flags/fr.svg,2023,Regular Season - 6,116,Lens,https://media.api-sports.io/football/teams/116.png,True,96,Toulouse,https://media.api-sports.io/football/teams/96.png,False,2,1,1,1,2,1,,,,
1044933,S. Frappart,UTC,2023-09-24T15:05:00+00:00,1695567900,1695567900,1695571500,20107,Stade de la Mosson-Mondial 98,Montpellier,Match Finished,FT,90,,61,Ligue 1,France,https://media.api-sports.io/football/leagues/61.png,https://media.api-sports.io/flags/fr.svg,2023,Regular Season - 6,82,Montpellier,https://media.api-sports.io/football/teams/82.png,,94,Rennes,https://media.api-sports.io/football/teams/94.png,,0,0,0,0,0,0,,,,
1044926,W. Delajod,UTC,2023-09-24T18:45:00+00:00,1695581100,1695581100,1695584700,671,Parc des Princes,Paris,Match Finished,FT,90,,61,Ligue 1,France,https://media.api-sports.io/football/leagues/61.png,https://media.api-sports.io/flags/fr.svg,2023,Regular Season - 6,85,Paris Saint Germain,https://media.api-sports.io/football/teams/85.png,True,81,Marseille,https://media.api-sports.io/football/teams/81.png,False,4,0,2,0,4,0,,,,
1044928,E. Wattellier,UTC,2023-09-26T19:00:00+00:00,1695754800,1695754800,1695758400,19207,Decathlon Arena - Stade Pierre-Mauroy,Villeneuve d'Ascq,Match Finished,FT,90,,61,Ligue 1,France,https://media.api-sports.io/football/leagues/61.png,https://media.api-sports.io/flags/fr.svg,2023,Regular Season - 6,79,Lille,https://media.api-sports.io/football/teams/79.png,False,93,Reims,https://media.api-sports.io/football/teams/93.png,True,1,2,0,2,1,2,,,,
1044935,J. Brisard,UTC,2023-09-29T19:00:00+00:00,1696014000,1696014000,1696017600,681,Stade de la Meinau,Strasbourg,Match Finished,FT,90,,61,Ligue 1,France,https://media.api-sports.io/football/leagues/61.png,https://media.api-sports.io/flags/fr.svg,2023,Regular Season - 7,95,Strasbourg,https://media.api-sports.io/football/teams/95.png,False,116,Lens,https://media.api-sports.io/football/teams/116.png,True,0,1,0,1,0,1,,,,
1044941,M. Bollengier,UTC,2023-09-30T15:00:00+00:00,1696086000,1696086000,1696089600,644,Stade Gabriel-Montpied,Clermont-Ferrand,Match Finished,FT,90,,61,Ligue 1,France,https://media.api-sports.io/football/leagues/61.png,https://media.api-sports.io/flags/fr.svg,2023,Regular Season - 7,99,Clermont Foot,https://media.api-sports.io/football/teams/99.png,,85,Paris Saint Germain,https://media.api-sports.io/football/teams/85.png,,0,0,0,0,0,0,,,,
1044939,B. Bastien,UTC,2023-09-30T19:00:00+00:00,1696100400,1696100400,1696104000,20470,Stade Louis-II,Monaco,Match Finished,FT,90,,61,Ligue 1,France,https://media.api-sports.io/football/leagues/61.png,https://media.api-sports.io/flags/fr.svg,2023,Regular Season - 7,91,Monaco,https://media.api-sports.io/football/teams/91.png,True,81,Marseille,https://media.api-sports.io/football/teams/81.png,False,3,2,2,2,3,2,,,,
1044942,F. Letexier,UTC,2023-10-01T11:00:00+00:00,1696158000,1696158000,1696161600,674,Stade Auguste-Delaune,Reims,Match Finished,FT,90,,61,Ligue 1,France,https://media.api-sports.io/football/leagues/61.png,https://media.api-sports.io/flags/fr.svg,2023,Regular Season - 7,93,Reims,https://media.api-sports.io/football/teams/93.png,True,80,Lyon,https://media.api-sports.io/football/teams/80.png,False,2,0,1,0,2,0,,,,
1044940,R. Lissorgue,UTC,2023-10-01T13:00:00+00:00,1696165200,1696165200,1696168800,663,Allianz Riviera,Nice,Match Finished,FT,90,,61,Ligue 1,France,https://media.api-sports.io/football/leagues/61.png,https://media.api-sports.io/flags/fr.svg,2023,Regular Season - 7,84,Nice,https://media.api-sports.io/football/teams/84.png,,106,Stade Brestois 29,https://media.api-sports.io/football/teams/106.png,,0,0,0,0,0,0,,,,
1044937,G. Angoula,UTC,2023-10-01T13:00:00+00:00,1696165200,1696165200,1696168800,682,Stadium de Toulouse,Toulouse,Match Finished,FT,90,,61,Ligue 1,France,https://media.api-sports.io/football/leagues/61.png,https://media.api-sports.io/flags/fr.svg,2023,Regular Season - 7,96,Toulouse,https://media.api-sports.io/football/teams/96.png,True,112,Metz,https://media.api-sports.io/football/teams/112.png,False,3,0,2,0,3,0,,,,
1044943,B. Dechepy,UTC,2023-10-01T13:00:00+00:00,1696165200,1696165200,1696168800,652,Stade Océane,Le Havre,Match Finished,FT,90,,61,Ligue 1,France,https://media.api-sports.io/football/leagues/61.png,https://media.api-sports.io/flags/fr.svg,2023,Regular Season - 7,111,LE Havre,https://media.api-sports.io/football/teams/111.png,False,79,Lille,https://media.api-sports.io/football/teams/79.png,True,0,2,0,1,0,2,,,,
1044938,J. Stinat,UTC,2023-10-01T15:05:00+00:00,1696172700,1696172700,1696176300,656,Stade du Moustoir - Yves Allainmat,Lorient,Match Finished,FT,90,,61,Ligue 1,France,https://media.api-sports.io/football/leagues/61.png,https://media.api-sports.io/flags/fr.svg,2023,Regular Season - 7,97,Lorient,https://media.api-sports.io/football/teams/97.png,False,82,Montpellier,https://media.api-sports.io/football/teams/82.png,True,0,3,0,1,0,3,,,,
1044936,R. Buquet,UTC,2023-10-01T18:45:00+00:00,1696185900,1696185900,1696189500,680,Roazhon Park,Rennes,Match Finished,FT,90,,61,Ligue 1,France,https://media.api-sports.io/football/leagues/61.png,https://media.api-sports.io/flags/fr.svg,2023,Regular Season - 7,94,Rennes,https://media.api-sports.io/football/teams/94.png,True,83,Nantes,https://media.api-sports.io/football/teams/83.png,False,3,1,1,1,3,1,,,,
1044944,S. Frappart,UTC,2023-10-06T19:00:00+00:00,1696618800,1696618800,1696622400,681,Stade de la Meinau,Strasbourg,Match Finished,FT,90,,61,Ligue 1,France,https://media.api-sports.io/football/leagues/61.png,https://media.api-sports.io/flags/fr.svg,2023,Regular Season - 8,95,Strasbourg,https://media.api-sports.io/football/teams/95.png,False,83,Nantes,https://media.api-sports.io/football/teams/83.png,True,1,2,0,0,1,2,,,,
1044950,J. Brisard,UTC,2023-10-07T15:00:00+00:00,1696690800,1696690800,1696694400,658,Stade Saint-Symphorien,Longeville-lès-Metz,Match Finished,FT,90,,61,Ligue 1,France,https://media.api-sports.io/football/leagues/61.png,https://media.api-sports.io/flags/fr.svg,2023,Regular Season - 8,112,Metz,https://media.api-sports.io/football/teams/112.png,False,84,Nice,https://media.api-sports.io/football/teams/84.png,True,0,1,0,1,0,1,,,,
1044948,H. Ben El Hadj,UTC,2023-10-07T19:00:00+00:00,1696705200,1696705200,1696708800,674,Stade Auguste-Delaune,Reims,Match Finished,FT,90,,61,Ligue 1,France,https://media.api-sports.io/football/leagues/61.png,https://media.api-sports.io/flags/fr.svg,2023,Regular Season - 8,93,Reims,https://media.api-sports.io/football/teams/93.png,False,91,Monaco,https://media.api-sports.io/football/teams/91.png,True,1,3,0,1,1,3,,,,
1044946,T. Léonard,UTC,2023-10-08T11:00:00+00:00,1696762800,1696762800,1696766400,667,Orange Vélodrome,Marseille,Match Finished,FT,90,,61,Ligue 1,France,https://media.api-sports.io/football/leagues/61.png,https://media.api-sports.io/flags/fr.svg,2023,Regular Season - 8,81,Marseille,https://media.api-sports.io/football/teams/81.png,True,111,LE Havre,https://media.api-sports.io/football/teams/111.png,False,3,0,2,0,3,0,,,,
1044947,C. Turpin,UTC,2023-10-08T13:00:00+00:00,1696770000,1696770000,1696773600,666,Groupama Stadium,Décines-Charpieu,Match Finished,FT,90,,61,Ligue 1,France,https://media.api-sports.io/football/leagues/61.png,https://media.api-sports.io/flags/fr.svg,2023,Regular Season - 8,80,Lyon,https://media.api-sports.io/football/teams/80.png,,97,Lorient,https://media.api-sports.io/football/teams/97.png,,3,3,3,1,3,3,,,,
1044952,P. Gaillouste,UTC,2023-10-08T13:00:00+00:00,1696770000,1696770000,1696773600,641,Stade Francis-Le Blé,Brest,Match Finished,FT,90,,61,Ligue 1,France,https://media.api-sports.io/football/leagues/61.png,https://media.api-sports.io/flags/fr.svg,2023,Regular Season - 8,106,Stade Brestois 29,https://media.api-sports.io/football/teams/106.png,,96,Toulouse,https://media.api-sports.io/football/teams/96.png,,1,1,0,1,1,1,,,,
1044949,B. Millot,UTC,2023-10-08T15:05:00+00:00,1696777500,1696777500,1696781100,654,Stade Bollaert-Delelis,Lens,Match Finished,FT,90,,61,Ligue 1,France,https://media.api-sports.io/football/leagues/61.png,https://media.api-sports.io/flags/fr.svg,2023,Regular Season - 8,116,Lens,https://media.api-sports.io/football/teams/116.png,,79,Lille,https://media.api-sports.io/football/teams/79.png,,1,1,0,1,1,1,,,,
1044945,B. Bastien,UTC,2023-10-08T18:45:00+00:00,1696790700,1696790700,1696794300,680,Roazhon Park,Rennes,Match Finished,FT,90,,61,Ligue 1,France,https://media.api-sports.io/football/leagues/61.png,https://media.api-sports.io/flags/fr.svg,2023,Regular Season - 8,94,Rennes,https://media.api-sports.io/football/teams/94.png,False,85,Paris Saint Germain,https://media.api-sports.io/football/teams/85.png,True,1,3,0,2,1,3,,,,
1044961,F. Letexier,UTC,2023-10-20T19:00:00+00:00,1697828400,1697828400,1697832000,652,Stade Océane,Le Havre,Match Finished,FT,90,,61,Ligue 1,France,https://media.api-sports.io/football/leagues/61.png,https://media.api-sports.io/flags/fr.svg,2023,Regular Season - 9,111,LE Havre,https://media.api-sports.io/football/teams/111.png,,116,Lens,https://media.api-sports.io/football/teams/116.png,,0,0,0,0,0,0,,,,
1044953,B. Dechepy,UTC,2023-10-21T15:00:00+00:00,1697900400,1697900400,1697904000,671,Parc des Princes,Paris,Match Finished,FT,90,,61,Ligue 1,France,https://media.api-sports.io/football/leagues/61.png,https://media.api-sports.io/flags/fr.svg,2023,Regular Season - 9,85,Paris Saint Germain,https://media.api-sports.io/football/teams/85.png,True,95,Strasbourg,https://media.api-sports.io/football/teams/95.png,False,3,0,2,0,3,0,,,,
1044959,R. Buquet,UTC,2023-10-21T19:00:00+00:00,1697914800,1697914800,1697918400,663,Allianz Riviera,Nice,Match Finished,FT,90,,61,Ligue 1,France,https://media.api-sports.io/football/leagues/61.png,https://media.api-sports.io/flags/fr.svg,2023,Regular Season - 9,84,Nice,https://media.api-sports.io/football/teams/84.png,True,81,Marseille,https://media.api-sports.io/football/teams/81.png,False,1,0,0,0,1,0,,,,
1044955,G. Angoula,UTC,2023-10-22T11:00:00+00:00,1697972400,1697972400,1697976000,656,Stade du Moustoir - Yves Allainmat,Lorient,Match Finished,FT,90,,61,Ligue 1,France,https://media.api-sports.io/football/leagues/61.png,https://media.api-sports.io/flags/fr.svg,2023,Regular Season - 9,97,Lorient,https://media.api-sports.io/football/teams/97.png,True,94,Rennes,https://media.api-sports.io/football/teams/94.png,False,2,1,2,1,2,1,,,,
1044957,H. Ben El Hadj,UTC,2023-10-22T13:00:00+00:00,1697979600,1697979600,1697983200,19207,Decathlon Arena - Stade Pierre-Mauroy,Villeneuve d'Ascq,Match Finished,FT,90,,61,Ligue 1,France,https://media.api-sports.io/football/leagues/61.png,https://media.api-sports.io/flags/fr.svg,2023,Regular Season - 9,79,Lille,https://media.api-sports.io/football/teams/79.png,True,106,Stade Brestois 29,https://media.api-sports.io/football/teams/106.png,False,1,0,1,0,1,0,,,,
1044960,M. Bollengier,UTC,2023-10-22T13:00:00+00:00,1697979600,1697979600,1697983200,662,Stade de la Beaujoire - Louis Fonteneau,Nantes,Match Finished,FT,90,,61,Ligue 1,France,https://media.api-sports.io/football/leagues/61.png,https://media.api-sports.io/flags/fr.svg,2023,Regular Season - 9,83,Nantes,https://media.api-sports.io/football/teams/83.png,True,82,Montpellier,https://media.api-sports.io/football/teams/82.png,False,2,0,1,0,2,0,,,,
1044954,J. Stinat,UTC,2023-10-22T13:00:00+00:00,1697979600,1697979600,1697983200,682,Stadium de Toulouse,Toulouse,Match Finished,FT,90,,61,Ligue 1,France,https://media.api-sports.io/football/leagues/61.png,https://media.api-sports.io/flags/fr.svg,2023,Regular Season - 9,96,Toulouse,https://media.api-sports.io/football/teams/96.png,,93,Reims,https://media.api-sports.io/football/teams/93.png,,1,1,0,0,1,1,,,,
1044956,R. Lissorgue,UTC,2023-10-22T15:05:00+00:00,1697987100,1697987100,1697990700,20470,Stade Louis-II,Monaco,Match Finished,FT,90,,61,Ligue 1,France,https://media.api-sports.io/football/leagues/61.png,https://media.api-sports.io/flags/fr.svg,2023,Regular Season - 9,91,Monaco,https://media.api-sports.io/football/teams/91.png,True,112,Metz,https://media.api-sports.io/football/teams/112.png,False,2,1,1,1,2,1,,,,
1044958,W. Delajod,UTC,2023-10-22T18:45:00+00:00,1698000300,1698000300,1698003900,666,Groupama Stadium,Décines-Charpieu,Match Finished,FT,90,,61,Ligue 1,France,https://media.api-sports.io/football/leagues/61.png,https://media.api-sports.io/flags/fr.svg,2023,Regular Season - 9,80,Lyon,https://media.api-sports.io/football/teams/80.png,False,99,Clermont Foot,https://media.api-sports.io/football/teams/99.png,True,1,2,0,2,1,2,,,,
1044965,J. Pignard,UTC,2023-10-27T19:00:00+00:00,1698433200,1698433200,1698436800,644,Stade Gabriel-Montpied,Clermont-Ferrand,Match Finished,FT,90,,61,Ligue 1,France,https://media.api-sports.io/football/leagues/61.png,https://media.api-sports.io/flags/fr.svg,2023,Regular Season - 10,99,Clermont Foot,https://media.api-sports.io/football/teams/99.png,False,84,Nice,https://media.api-sports.io/football/teams/84.png,True,0,1,0,0,0,1,,,,
1044966,B. Bastien,UTC,2023-10-28T15:00:00+00:00,1698505200,1698505200,1698508800,674,Stade Auguste-Delaune,Reims,Match Finished,FT,90,,61,Ligue 1,France,https://media.api-sports.io/football/leagues/61.png,https://media.api-sports.io/flags/fr.svg,2023,Regular Season - 10,93,Reims,https://media.api-sports.io/football/teams/93.png,True,97,Lorient,https://media.api-sports.io/football/teams/97.png,False,1,0,0,0,1,0,,,,
1044967,P. Gaillouste,UTC,2023-10-28T19:00:00+00:00,1698519600,1698519600,1698523200,654,Stade Bollaert-Delelis,Lens,Match Finished,FT,90,,61,Ligue 1,France,https://media.api-sports.io/football/leagues/61.png,https://media.api-sports.io/flags/fr.svg,2023,Regular Season - 10,116,Lens,https://media.api-sports.io/football/teams/116.png,True,83,Nantes,https://media.api-sports.io/football/teams/83.png,False,4,0,1,0,4,0,,,,
1044970,J. Brisard,UTC,2023-10-29T12:00:00+00:00,1698580800,1698580800,1698584400,641,Stade Francis-Le Blé,Brest,Match Finished,FT,90,,61,Ligue 1,France,https://media.api-sports.io/football/leagues/61.png,https://media.api-sports.io/flags/fr.svg,2023,Regular Season - 10,106,Stade Brestois 29,https://media.api-sports.io/football/teams/106.png,False,85,Paris Saint Germain,https://media.api-sports.io/football/teams/85.png,True,2,3,1,2,2,3,,,,
1044964,C. Turpin,UTC,2023-10-29T14:00:00+00:00,1698588000,1698588000,1698591600,19207,Decathlon Arena - Stade Pierre-Mauroy,Villeneuve d'Ascq,Match Finished,FT,90,,61,Ligue 1,France,https://media.api-sports.io/football/leagues/61.png,https://media.api-sports.io/flags/fr.svg,2023,Regular Season - 10,79,Lille,https://media.api-sports.io/football/teams/79.png,True,91,Monaco,https://media.api-sports.io/football/teams/91.png,False,2,0,2,0,2,0,,,,
1044969,T. Léonard,UTC,2023-10-29T14:00:00+00:00,1698588000,1698588000,1698591600,20107,Stade de la Mosson-Mondial 98,Montpellier,Match Finished,FT,90,,61,Ligue 1,France,https://media.api-sports.io/football/leagues/61.png,https://media.api-sports.io/flags/fr.svg,2023,Regular Season - 10,82,Montpellier,https://media.api-sports.io/football/teams/82.png,True,96,Toulouse,https://media.api-sports.io/football/teams/96.png,False,3,0,1,0,3,0,,,,
1044968,H. Ben El Hadj,UTC,2023-10-29T14:00:00+00:00,1698588000,1698588000,1698591600,658,Stade Saint-Symphorien,Longeville-lès-Metz,Match Finished,FT,90,,61,Ligue 1,France,https://media.api-sports.io/football/leagues/61.png,https://media.api-sports.io/flags/fr.svg,2023,Regular Season - 10,112,Metz,https://media.api-sports.io/football/teams/112.png,,111,LE Havre,https://media.api-sports.io/football/teams/111.png,,0,0,0,0,0,0,,,,
1044962,F. Batta,UTC,2023-10-29T16:05:00+00:00,1698595500,1698595500,1698599100,680,Roazhon Park,Rennes,Match Finished,FT,90,,61,Ligue 1,France,https://media.api-sports.io/football/leagues/61.png,https://media.api-sports.io/flags/fr.svg,2023,Regular Season - 10,94,Rennes,https://media.api-sports.io/football/teams/94.png,,95,Strasbourg,https://media.api-sports.io/football/teams/95.png,,1,1,1,0,1,1,,,,
1044971,R. Buquet,UTC,2023-11-03T20:00:00+00:00,1699041600,1699041600,1699045200,671,Parc des Princes,Paris,Match Finished,FT,90,,61,Ligue 1,France,https://media.api-sports.io/football/leagues/61.png,https://media.api-sports.io/flags/fr.svg,2023,Regular Season - 11,85,Paris Saint Germain,https://media.api-sports.io/football/teams/85.png,True,82,Montpellier,https://media.api-sports.io/football/teams/82.png,False,3,0,1,0,3,0,,,,
1044975,B. Dechepy,UTC,2023-11-04T16:00:00+00:00,1699113600,1699113600,1699117200,656,Stade du Moustoir - Yves Allainmat,Lorient,Match Finished,FT,90,,61,Ligue 1,France,https://media.api-sports.io/football/leagues/61.png,https://media.api-sports.io/flags/fr.svg,2023,Regular Season - 11,97,Lorient,https://media.api-sports.io/football/teams/97.png,,116,Lens,https://media.api-sports.io/football/teams/116.png,,0,0,0,0,0,0,,,,
1044974,S. Frappart,UTC,2023-11-04T20:00:00+00:00,1699128000,1699128000,1699131600,667,Orange Vélodrome,Marseille,Match Finished,FT,90,,61,Ligue 1,France,https://media.api-sports.io/football/leagues/61.png,https://media.api-sports.io/flags/fr.svg,2023,Regular Season - 11,81,Marseille,https://media.api-sports.io/football/teams/81.png,,79,Lille,https://media.api-sports.io/football/teams/79.png,,0,0,0,0,0,0,,,,
1044977,B. Millot,UTC,2023-11-05T12:00:00+00:00,1699185600,1699185600,1699189200,666,Groupama Stadium,Décines-Charpieu,Match Finished,FT,90,,61,Ligue 1,France,https://media.api-sports.io/football/leagues/61.png,https://media.api-sports.io/flags/fr.svg,2023,Regular Season - 11,80,Lyon,https://media.api-sports.io/football/teams/80.png,,112,Metz,https://media.api-sports.io/football/teams/112.png,,1,1,0,0,1,1,,,,
1044979,G. Angoula,UTC,2023-11-05T14:00:00+00:00,1699192800,1699192800,1699196400,662,Stade de la Beaujoire - Louis Fonteneau,Nantes,Match Finished,FT,90,,61,Ligue 1,France,https://media.api-sports.io/football/leagues/61.png,https://media.api-sports.io/flags/fr.svg,2023,Regular Season - 11,83,Nantes,https://media.api-sports.io/football/teams/83.png,False,93,Reims,https://media.api-sports.io/football/teams/93.png,True,0,1,0,0,0,1,,,,
1044972,J. Stinat,UTC,2023-11-05T14:00:00+00:00,1699192800,1699192800,1699196400,681,Stade de la Meinau,Strasbourg,Match Finished,FT,90,,61,Ligue 1,France,https://media.api-sports.io/football/leagues/61.png,https://media.api-sports.io/flags/fr.svg,2023,Regular Season - 11,95,Strasbourg,https://media.api-sports.io/football/teams/95.png,,99,Clermont Foot,https://media.api-sports.io/football/teams/99.png,,0,0,0,0,0,0,,,,
1044973,M. Bollengier,UTC,2023-11-05T14:00:00+00:00,1699192800,1699192800,1699196400,682,Stadium de Toulouse,Toulouse,Match Finished,FT,90,,61,Ligue 1,France,https://media.api-sports.io/football/leagues/61.png,https://media.api-sports.io/flags/fr.svg,2023,Regular Season - 11,96,Toulouse,https://media.api-sports.io/football/teams/96.png,False,111,LE Havre,https://media.api-sports.io/football/teams/111.png,True,1,2,0,0,1,2,,,,
1044976,E. Wattellier,UTC,2023-11-05T16:05:00+00:00,1699200300,1699200300,1699203900,20470,Stade Louis-II,Monaco,Match Finished,FT,90,,61,Ligue 1,France,https://media.api-sports.io/football/leagues/61.png,https://media.api-sports.io/flags/fr.svg,2023,Regular Season - 11,91,Monaco,https://media.api-sports.io/football/teams/91.png,True,106,Stade Brestois 29,https://media.api-sports.io/football/teams/106.png,False,2,0,1,0,2,0,,,,
1044978,C. Turpin,UTC,2023-11-05T19:45:00+00:00,1699213500,1699213500,1699217100,663,Allianz Riviera,Nice,Match Finished,FT,90,,61,Ligue 1,France,https://media.api-sports.io/football/leagues/61.png,https://media.api-sports.io/flags/fr.svg,2023,Regular Season - 11,84,Nice,https://media.api-sports.io/football/teams/84.png,True,94,Rennes,https://media.api-sports.io/football/teams/94.png,False,2,0,1,0,2,0,,,,
1044987,H. Ben El Hadj,UTC,2023-11-10T20:00:00+00:00,1699646400,1699646400,1699650000,20107,Stade de la Mosson-Mondial 98,Montpellier,Match Finished,FT,90,,61,Ligue 1,France,https://media.api-sports.io/football/leagues/61.png,https://media.api-sports.io/flags/fr.svg,2023,Regular Season - 12,82,Montpellier,https://media.api-sports.io/football/teams/82.png,,84,Nice,https://media.api-sports.io/football/teams/84.png,,0,0,0,0,0,0,,,,
1044983,W. Delajod,UTC,2023-11-11T16:00:00+00:00,1699718400,1699718400,1699722000,674,Stade Auguste-Delaune,Reims,Match Finished,FT,90,,61,Ligue 1,France,https://media.api-sports.io/football/leagues/61.png,https://media.api-sports.io/flags/fr.svg,2023,Regular Season - 12,93,Reims,https://media.api-sports.io/football/teams/93.png,False,85,Paris Saint Germain,https://media.api-sports.io/football/teams/85.png,True,0,3,0,1,0,3,,,,
1044985,T. Léonard,UTC,2023-11-11T20:00:00+00:00,1699732800,1699732800,1699736400,652,Stade Océane,Le Havre,Match Finished,FT,90,,61,Ligue 1,France,https://media.api-sports.io/football/leagues/61.png,https://media.api-sports.io/flags/fr.svg,2023,Regular Season - 12,111,LE Havre,https://media.api-sports.io/football/teams/111.png,,91,Monaco,https://media.api-sports.io/football/teams/91.png,,0,0,0,0,0,0,,,,
1044981,M. Vernice,UTC,2023-11-12T14:00:00+00:00,1699797600,1699797600,1699801200,19207,Decathlon Arena - Stade Pierre-Mauroy,Villeneuve d'Ascq,Match Finished,FT,90,,61,Ligue 1,France,https://media.api-sports.io/football/leagues/61.png,https://media.api-sports.io/flags/fr.svg,2023,Regular Season - 12,79,Lille,https://media.api-sports.io/football/teams/79.png,,96,Toulouse,https://media.api-sports.io/football/teams/96.png,,1,1,1,0,1,1,,,,
1044982,R. Lissorgue,UTC,2023-11-12T14:00:00+00:00,1699797600,1699797600,1699801200,644,Stade Gabriel-Montpied,Clermont-Ferrand,Match Finished,FT,90,,61,Ligue 1,France,https://media.api-sports.io/football/leagues/61.png,https://media.api-sports.io/flags/fr.svg,2023,Regular Season - 12,99,Clermont Foot,https://media.api-sports.io/football/teams/99.png,True,97,Lorient,https://media.api-sports.io/football/teams/97.png,False,1,0,0,0,1,0,,,,
1044986,F. Batta,UTC,2023-11-12T14:00:00+00:00,1699797600,1699797600,1699801200,658,Stade Saint-Symphorien,Longeville-lès-Metz,Match Finished,FT,90,,61,Ligue 1,France,https://media.api-sports.io/football/leagues/61.png,https://media.api-sports.io/flags/fr.svg,2023,Regular Season - 12,112,Metz,https://media.api-sports.io/football/teams/112.png,True,83,Nantes,https://media.api-sports.io/football/teams/83.png,False,3,1,2,1,3,1,,,,
1044980,S. Frappart,UTC,2023-11-12T16:05:00+00:00,1699805100,1699805100,1699808700,680,Roazhon Park,Rennes,Match Finished,FT,90,,61,Ligue 1,France,https://media.api-sports.io/football/leagues/61.png,https://media.api-sports.io/flags/fr.svg,2023,Regular Season - 12,94,Rennes,https://media.api-sports.io/football/teams/94.png,False,80,Lyon,https://media.api-sports.io/football/teams/80.png,True,0,1,0,0,0,1,,,,
1044984,B. Bastien,UTC,2023-11-12T19:45:00+00:00,1699818300,1699818300,1699821900,654,Stade Bollaert-Delelis,Lens,Match Finished,FT,90,,61,Ligue 1,France,https://media.api-sports.io/football/leagues/61.png,https://media.api-sports.io/flags/fr.svg,2023,Regular Season - 12,116,Lens,https://media.api-sports.io/football/teams/116.png,True,81,Marseille,https://media.api-sports.io/football/teams/81.png,False,1,0,0,0,1,0,,,,
1044989,B. Bastien,UTC,2023-11-24T20:00:00+00:00,1700856000,1700856000,1700859600,671,Parc des Princes,Paris,Match Finished,FT,90,,61,Ligue 1,France,https://media.api-sports.io/football/leagues/61.png,https://media.api-sports.io/flags/fr.svg,2023,Regular Season - 13,85,Paris Saint Germain,https://media.api-sports.io/football/teams/85.png,True,91,Monaco,https://media.api-sports.io/football/teams/91.png,False,5,2,2,1,5,2,,,,
1044995,B. Millot,UTC,2023-11-25T16:00:00+00:00,1700928000,1700928000,1700931600,644,Stade Gabriel-Montpied,Clermont-Ferrand,Match Finished,FT,90,,61,Ligue 1,France,https://media.api-sports.io/football/leagues/61.png,https://media.api-sports.io/flags/fr.svg,2023,Regular Season - 13,99,Clermont Foot,https://media.api-sports.io/football/teams/99.png,False,116,Lens,https://media.api-sports.io/football/teams/116.png,True,0,3,0,1,0,3,,,,
1044990,J. Brisard,UTC,2023-11-25T20:00:00+00:00,1700942400,1700942400,1700946000,681,Stade de la Meinau,Strasbourg,Match Finished,FT,90,,61,Ligue 1,France,https://media.api-sports.io/football/leagues/61.png,https://media.api-sports.io/flags/fr.svg,2023,Regular Season - 13,95,Strasbourg,https://media.api-sports.io/football/teams/95.png,,81,Marseille,https://media.api-sports.io/football/teams/81.png,,1,1,1,1,1,1,,,,
1044994,F. Letexier,UTC,2023-11-26T12:00:00+00:00,1701000000,1701000000,1701003600,663,Allianz Riviera,Nice,Match Finished,FT,90,,61,Ligue 1,France,https://media.api-sports.io/football/leagues/61.png,https://media.api-sports.io/flags/fr.svg,2023,Regular Season - 13,84,Nice,https://media.api-sports.io/football/teams/84.png,True,96,Toulouse,https://media.api-sports.io/football/teams/96.png,False,1,0,0,0,1,0,,,,
1044997,P. Gaillouste,UTC,2023-11-26T14:00:00+00:00,1701007200,1701007200,1701010800,20107,Stade de la Mosson-Mondial 98,Montpellier,Match Finished,FT,90,,61,Ligue 1,France,https://media.api-sports.io/football/leagues/61.png,https://media.api-sports.io/flags/fr.svg,2023,Regular Season - 13,82,Montpellier,https://media.api-sports.io/football/teams/82.png,False,106,Stade Brestois 29,https://media.api-sports.io/football/teams/106.png,True,1,3,0,1,1,3,,,,
1044996,Miguel Nogueira,UTC,2023-11-26T14:00:00+00:00,1701007200,1701007200,1701010800,662,Stade de la Beaujoire - Louis Fonteneau,Nantes,Match Finished,FT,90,,61,Ligue 1,France,https://media.api-sports.io/football/leagues/61.png,https://media.api-sports.io/flags/fr.svg,2023,Regular Season - 13,83,Nantes,https://media.api-sports.io/football/teams/83.png,,111,LE Havre,https://media.api-sports.io/football/teams/111.png,,0,0,0,0,0,0,,,,
1044992,J. Pignard,UTC,2023-11-26T14:00:00+00:00,1701007200,1701007200,1701010800,656,Stade du Moustoir - Yves Allainmat,Lorient,Match Finished,FT,90,,61,Ligue 1,France,https://media.api-sports.io/football/leagues/61.png,https://media.api-sports.io/flags/fr.svg,2023,Regular Season - 13,97,Lorient,https://media.api-sports.io/football/teams/97.png,False,112,Metz,https://media.api-sports.io/football/teams/112.png,True,2,3,2,1,2,3,,,,
1044991,R. Buquet,UTC,2023-11-26T16:05:00+00:00,1701014700,1701014700,1701018300,680,Roazhon Park,Rennes,Match Finished,FT,90,,61,Ligue 1,France,https://media.api-sports.io/football/leagues/61.png,https://media.api-sports.io/flags/fr.svg,2023,Regular Season - 13,94,Rennes,https://media.api-sports.io/football/teams/94.png,True,93,Reims,https://media.api-sports.io/football/teams/93.png,False,3,1,1,1,3,1,,,,
1044993,E. Wattellier,UTC,2023-11-26T19:45:00+00:00,1701027900,1701027900,1701031500,666,Groupama Stadium,Décines-Charpieu,Match Finished,FT,90,,61,Ligue 1,France,https://media.api-sports.io/football/leagues/61.png,https://media.api-sports.io/flags/fr.svg,2023,Regular Season - 13,80,Lyon,https://media.api-sports.io/football/teams/80.png,False,79,Lille,https://media.api-sports.io/football/teams/79.png,True,0,2,0,2,0,2,,,,
1044951,M. Vernice,UTC,2023-11-29T18:00:00+00:00,1701280800,1701280800,1701284400,20107,Stade de la Mosson-Mondial 98,Montpellier,Match Finished,FT,90,,61,Ligue 1,France,https://media.api-sports.io/football/leagues/61.png,https://media.api-sports.io/flags/fr.svg,2023,Regular Season - 8,82,Montpellier,https://media.api-sports.io/football/teams/82.png,,99,Clermont Foot,https://media.api-sports.io/football/teams/99.png,,1,1,0,1,1,1,,,,
1045002,H. Ben El Hadj,UTC,2023-12-01T20:00:00+00:00,1701460800,1701460800,1701464400,674,Stade Auguste-Delaune,Reims,Match Finished,FT,90,,61,Ligue 1,France,https://media.api-sports.io/football/leagues/61.png,https://media.api-sports.io/flags/fr.svg,2023,Regular Season - 14,93,Reims,https://media.api-sports.io/football/teams/93.png,True,95,Strasbourg,https://media.api-sports.io/football/teams/95.png,False,2,1,2,0,2,1,,,,
